Fisher-Price Roaring Rainforest Baby Jumperoo,151140,79.99,,In Stock,"Contents: Fisher-Price Roaring Rainforest Jumperoo, 12 toys<br/>Seat swivels 360˚ for access to toys, a teether and mirror<br/>Music, lights and sounds reward baby’s moves<br/>Designed for baby’s gross motor skills<br/>3 height settings to grow with baby<br/>Machine washable, dryer safe seat pad<br/>Freestanding steel frame and soft spring covers<br/>Maximum user weight: 12kg<br/>Batteries required: 3x AA (not included)<br/>",5 ,In stock,5 ,In stock,5 ,In stock,5 ,In stock,https://image.smythstoys.com/original/desktop/151140.jpg,https://image.smythstoys.com/original/desktop/151140.jpg,,,
Babylo Cozi Sleeper - Slate Grey,163555,89.99,,In Stock,Contents: Babylo Cozi Sleeper & mattress<br/>Converts from standalone crib to bedside crib<br/>5-position height adjustment<br/>Ventilated drop side for safe co-sleeping<br/>Tilt the base to help aid congestion and reflux<br/>Mesh sides for a clear view of baby<br/>2 wheels for manoeuvrability<br/>Suitable from birth to 9kg<br/>Maximum crib mattress height: 50cm<br/>Dimensions: 93Lx69Wx66-82Hcm<br/>,3 ,In stock,3 ,In stock,3 ,In stock,3 ,In stock,https://image.smythstoys.com/original/desktop/163555.jpg,https://image.smythstoys.com/original/desktop/163555.jpg,,,
Tommee Tippee Closer to Nature Perfect Prep Machine,140162,79.99,59.99,In Stock,"Contents: Tommee Tippee Prep Machine, filter, 1x 150ml bottle, milk storage lid<br/>Filter system removes impurities present in water<br/>Hot shot of water to kill any bacteria<br/>Dispenses the correct amount of water<br/>Ready to serve at body temperature<br/>Makes a fresh bottle to temperature in less than 2 minutes<br/>Tommee Tippee Prep Machine measures in UK ounces<br/>Compatible with most baby bottles<br/>Replacement filters sold separately (Ref: 143668)<br/>Batteries not required<br/>",4 ,In stock,4 ,In stock,4 ,In stock,4 ,In stock,https://image.smythstoys.com/original/desktop/140162.jpg,https://image.smythstoys.com/original/desktop/140162.jpg,,,
Foldable Baby Swing Set,133063,54.99,,In Stock,Fits in most cars<br/>Folds for easy storage<br/>4 adjustable ground stabilisers<br/>Dimensions: 120Hx160Lx115Wcm<br/>Maximum user weight: 15kg<br/>Suitable for children 6-24 months<br/>,4 ,In stock,4 ,In stock,4 ,In stock,4 ,In stock,https://image.smythstoys.com/original/desktop/133063.jpg,https://image.smythstoys.com/original/desktop/133063.jpg,,,
Panorama XT by Babylo 2-in-1 Travel System & Car Seat,184400,249.99,,In Stock,"Lightweight aluminium chassis<br/>Lockable front swivel wheels<br/>4-wheel suspension<br/>5-point safety harness<br/>3-position recline<br/>Adjustable 3-height handle<br/>Extendable hood, removable bumper bar and raincover<br/>Quick release wheels<br/>Suitable from birth to 15kg<br/>Dimensions: 100L x 64W x 109Hcm<br/>",4 ,In stock,4 ,In stock,4 ,In stock,4 ,In stock,https://image.smythstoys.com/original/desktop/184400.jpg,https://image.smythstoys.com/original/desktop/184400.jpg,,,
Tutti Bambini CoZee Lite Bedside Crib - Dark Grey & Oak,191548,129.99,,In Stock,"Contents: CoZee Lite Bedside Crib, travel bag, mattress<br/>Converts from standalone crib to bedside crib<br/>6-position height adjustment<br/>Ventilated drop side for safe co-sleeping<br/>Tilt the base to help aid congestion and reflux<br/>Breathable side panels and handy storage shelf<br/>Webbing straps and stay in place connection system<br/>Suitable from birth to 9kg<br/>Open and fold in 30 seconds<br/>Dimensions: 92L x 56W x 69Hcm<br/>",2 ,In stock,2 ,In stock,2 ,In stock,2 ,In stock,https://image.smythstoys.com/original/desktop/191548.jpg,https://image.smythstoys.com/original/desktop/191548.jpg,,,
Joie Litetrax 4 Pushchair - Navy Blazer,163934,149.99,129.99,In Stock,"Lightweight aluminium chassis<br/>Lockable front swivel wheels<br/>All-round suspension<br/>5-point safety harness adjust to 3 heights<br/>4-position recline and 2-position leg rest<br/>Shopping basket, parent tray, bumper bar and raincover<br/>Extendable hood and UV 50+ sun canopy<br/>Suitable from birth to 15kg<br/>Folded dimensions: 59.3Lx31.5Wx 82Hcm<br/>Dimensions: 93Lx59.4Wx103Hcm<br/>",3 ,In stock,3 ,In stock,3 ,In stock,3 ,In stock,https://image.smythstoys.com/original/desktop/163934.jpg,https://image.smythstoys.com/original/desktop/163934.jpg,,,
Joie Bold Group 1-2-3 Car Seat - Ember,182702,174.99,157.49,In Stock,"Suitable from 9kg to 36kg (approx. 1-12 years)<br/>Forward facing car seat<br/>Side impact protection with Guard Surround<br/>Extended 5-point safety harness up to 25kg<br/>3-position recline<br/>One-hand, 11-position headrest<br/>Grow Together headrest and harness adjust simultaneously<br/>Removable body support for younger children<br/>Removable cupholder and side ventilation<br/>Dimensions: 47L x 46.9W x 85.5Hcm<br/>",1 ,In stock,1 ,In stock,1 ,In stock,1 ,In stock,https://image.smythstoys.com/original/desktop/182702.jpg,https://image.smythstoys.com/original/desktop/182702.jpg,,,
Joie Spin 360 ISOFIX Group 0-1 Car Seat Ember,169434,199.99,,In Stock,"Rear facing car seat up to 18kg<br/>Forward facing from 9 to 18kg (approx. 4 years)<br/>Seat rotates 360˚<br/>Side impact protection<br/>5-point safety harness with one-pull adjust<br/>5-position recline: rearward and forward facing<br/>Grow Together multi-height headrest and harness system<br/>Easy installation with ISOFix, support leg and load leg<br/>Grow-with-Me infant body, head support and cushioning<br/>Dimensions: 55L x 45W x 67.1-76.5Hcm<br/>",3 ,In stock,3 ,In stock,3 ,In stock,3 ,In stock,https://image.smythstoys.com/original/desktop/169434.jpg,https://image.smythstoys.com/original/desktop/169434.jpg,,,
Nested Sorrento Cot Bed White,163559,129.99,,In Stock,"Cot bed with fixed sides<br/>3 mattress base heights to grow with baby<br/>Protective teething rails on both sides<br/>Easy conversion to toddler bed<br/>Classic tongue and groove design<br/>Suitable from birth<br/>Fits cot bed mattress 140Lx70Hcm, sold separately<br/>Mattress and bedding not included<br/>Flat packed for easy self-assembly<br/>Dimensions: 146Lx76.8Wx94.8Hcm<br/>",3 ,In stock,3 ,In stock,3 ,In stock,3 ,In stock,https://image.smythstoys.com/original/desktop/163559.jpg,https://image.smythstoys.com/original/desktop/163559.jpg,,,
Babylo Hi Lo Safari Highchair,184379,49.99,,In Stock,Removable 2-layer tray<br/>5-point safety harness<br/>3-position recline<br/>6 seat heights<br/>Folds for storage<br/>Padded wipe clean seat<br/>Suitable from 6 months to 15kg<br/>Dimensions: 50Wx70Lx110Hcm<br/>,6 ,In stock,6 ,In stock,6 ,In stock,6 ,In stock,https://image.smythstoys.com/original/desktop/184379.jpg,https://image.smythstoys.com/original/desktop/184379.jpg,,,
Disney Baby Finding Nemo Sea of Activities Baby Jumper,150942,99.99,,In Stock,"Contents: Disney Baby Finding Nemo Baby Jumper<br/>Seat rotates 360° for easy access to 13 toys<br/>Interactive piano, bead chaser and mirror<br/>Nemo rollerball toy station with lights and sounds<br/>Starfish toy loop and take-along Tad and Pearl toys<br/>4 height adjustments<br/>High-back seat and machine washable seat pad<br/>Maximum user weight: 11kg<br/>Dimensions: 77.47Lx86.61Wx62.23Hcm<br/>Batteries required: 6x AA batteries<br/>",4 ,In stock,4 ,In stock,4 ,In stock,4 ,In stock,https://image.smythstoys.com/original/desktop/150942.jpg,https://image.smythstoys.com/original/desktop/150942.jpg,,,
Safety 1st Simple Close Metal Stair Gate,133630,19.99,,In Stock,Contents: Safety 1st Simple Close Metal Gate<br/>Suitable for children from 6 to 24 months<br/>Strong steel frame with 4-point pressure fit<br/>Easy installation with no drilling required<br/>Hand wheels for rapid installation or adjustment<br/>Easy 2-way opening for parents – but not for tots<br/>Secondary locking mechanism<br/>Wide walk-through section<br/>Fits openings from 73cm to 80cm<br/>Height: 74cm<br/>,9 ,In stock,9 ,In stock,9 ,In stock,9 ,In stock,https://image.smythstoys.com/original/desktop/133630.jpg,https://image.smythstoys.com/original/desktop/133630.jpg,,,
Origin by Babylo 2-in-1 Travel System & Car Seat Charcoal,184092,179.99,,In Stock,"Lightweight aluminium chassis<br/>Lockable front swivel wheels<br/>4-wheel suspension<br/>5-point safety harness<br/>3-position recline and adjustable footrest<br/>Adjustable 6-height handle<br/>Extendable canopy, removable bumper bar and raincover<br/>Suitable from birth to 15kg<br/>Folded dimensions: 91.5L x 62W x 48Hcm<br/>Dimensions: 94L x 62W x 107Hcm<br/>",3 ,In stock,3 ,In stock,3 ,In stock,3 ,In stock,https://image.smythstoys.com/original/desktop/184092.jpg,https://image.smythstoys.com/original/desktop/184092.jpg,,,
Osann One 360 Group 0-1-2-3 Car Seat Grey,8052356,149.99,144.99,In Stock,Suitable from birth up to 36kg (approx. 11/12 years)<br/>Rear facing from birth to 18kg with ISOFix and top tether<br/>Forward facing from 9 to 36kg<br/>360⁰ rotation only in rear facing mode<br/>Side impact protection<br/>5-point safety harness with one pull adjust<br/>Multi-position recline<br/>10-way height-adjustable headrest<br/>Headrest and harness adjust simultaneously<br/>Flexible ISOFix connectors<br/>,2 ,In stock,2 ,In stock,2 ,In stock,2 ,In stock,https://image.smythstoys.com/original/desktop/8052356.jpg,https://image.smythstoys.com/original/desktop/8052356.jpg,,,
Panorama XT by Babylo Travel System & Car Seat Black Chrome,188600,229.99,199.99,In Stock,"Lightweight aluminium chrome chassis<br/>Lockable front swivel wheels<br/>4-wheel suspension<br/>5-point safety harness<br/>3-position recline<br/>Adjustable 3-height handle<br/>Extendable hood, removable bumper bar and raincover<br/>Quick release wheels<br/>Suitable from birth to 15kg<br/>Dimensions: 100L x 64W x 109Hcm<br/>",3 ,In stock,3 ,In stock,3 ,In stock,3 ,In stock,https://image.smythstoys.com/original/desktop/188600.jpg,https://image.smythstoys.com/original/desktop/188600.jpg,,,
Baby Elegance Nup Nup From Birth Highchair,184474,89.99,,In Stock,Dishwasher-safe removable tray<br/>5-point safety harness and safety bar<br/>Lie-back recline for newborns<br/>3-position recline and 7 height adjustments<br/>Converts to low chair and junior dining chair<br/>Freestanding compact fold at a click<br/>Hidden rear wheels for portability<br/>Maximum user weight: 15kg<br/>Dimensions: 100L x 79W x 55Hcm<br/>Folded Dimensions: 100L x 24W x 55Hcm<br/>,4 ,In stock,4 ,In stock,4 ,In stock,4 ,In stock,https://image.smythstoys.com/original/desktop/184474.jpg,https://image.smythstoys.com/original/desktop/184474.jpg,,,
Graco Junior Maxi Group 2-3 Car Seat,184235,35.00,24.99,In Stock,Suitable from 15kg to 36kg (approx. 4-12 years)<br/>Forward facing seat<br/>Side impact protection<br/>Height adjustable headrest<br/>Height adjustable armrests<br/>2 retractable cupholders<br/>Integrated seatbelt guide<br/>Converts to booster seat<br/>Machine washable cover<br/>Dimensions: 53L x 40W x 81Hcm<br/>,4 ,In stock,4 ,In stock,4 ,In stock,4 ,In stock,https://image.smythstoys.com/original/desktop/184235.jpg,https://image.smythstoys.com/original/desktop/184235.jpg,,,
Nested Toddler Bed (White),184308,59.99,,In Stock,Contents: 1x Nested Toddler Bed (White)<br/>Suitable from 18 months to 4 years approx.<br/>Mattress and bedding sold separately<br/>Strong wooden frame<br/>Protective bed rails<br/>Easy to assemble<br/>Maximum user weight: 20kg<br/>Fits toddler mattress size 140L x 70Wcm<br/>Dimensions: 143L x 74W x 59Hcm<br/>,2 ,In stock,2 ,In stock,2 ,In stock,2 ,In stock,https://image.smythstoys.com/original/desktop/184308.jpg,https://image.smythstoys.com/original/desktop/184308.jpg,https://image.smythstoys.com/original/desktop/184308.jpg,,
Joie Traver Group 2-3 Car Seat,163944,79.99,,In Stock,Suitable from 15kg to 36kg (4 to 12 years)<br/>Forward facing car seat<br/>Full-body impact protection and Guard Surround Safety<br/>7-height adjustable headrest<br/>10-position ISOSAFE connectors for ISOFix connection<br/>Adjustable recline only when used with ISOFix<br/>3-position AutoAdjust seat depth<br/>Memory foam cushion<br/>Machine washable covers<br/>Dimensions: 85.4Lx55.5Wx40.9Hcm<br/>,2 ,In stock,2 ,In stock,2 ,In stock,2 ,In stock,https://image.smythstoys.com/original/desktop/163944.jpg,https://image.smythstoys.com/original/desktop/163944.jpg,,,
Babylo Racer 500 Baby Walker - White,169403,49.99,,In Stock,Contents: Babylo Racer 500 Baby Walker<br/>Interactive dashboard with sounds and play tray<br/>3 height adjustments<br/>Foldable frame and removable seat unit<br/>Lightweight baby walker<br/>Casters for easy manoeuvrability<br/>Maximum user weight: 12kg<br/>Suitable from when baby can sit up unaided<br/>Batteries required: 2x AA batteries (not included)<br/>,2 ,In stock,2 ,In stock,2 ,In stock,2 ,In stock,https://image.smythstoys.com/original/desktop/169403.jpg,https://image.smythstoys.com/original/desktop/169403.jpg,,,
Mini-Uno 140 x 70cm Deluxe Fibre Cot Bed Mattress,169940,39.99,31.99,In Stock,"Fully breathable<br/>Mite resistant<br/>Sateen woven jacquard cover<br/>Hypoallergenic<br/>Removable cover, washable at 40 degrees<br/>Suitable as cot bed mattress or toddler bed mattress<br/>Dimensions: 140L x 70W x 10Hcm<br/>",3 ,In stock,3 ,In stock,3 ,In stock,3 ,In stock,https://image.smythstoys.com/original/desktop/169940.jpg,https://image.smythstoys.com/original/desktop/169940.jpg,,,
Joie Trillo Group 2-3 Car Seat Ember,169432,49.99,39.99,In Stock,Suitable from 15kg to 36kg (approx. 4-12 years)<br/>Forward facing seat<br/>Side impact protection<br/>Height adjustable headrest<br/>ISOSAFE connectors attach to ISOFix connection points<br/>Intuitive seatbelt guides for installation<br/>Ultra-thick infant body cushion<br/>Padded arm rests and 2 retractable cupholders<br/>Dimensions: 39L x 48W x 69-84Hcm<br/>,4 ,In stock,4 ,In stock,4 ,In stock,4 ,In stock,https://image.smythstoys.com/original/desktop/169432.jpg,https://image.smythstoys.com/original/desktop/169432.jpg,,,
